feature,importance
age_at_initial_pathologic_diagnosis,0.22612994350282486
SPDYC,0.14689265536723167
ALOX15B,0.06935028248587574
FABP7,0.042655367231638465
CYP4Z1,0.011581920903954834
